title,author,user_rating,livelib_rating,url,cover,publisher,year,favorite
"Лабиринты","Франк Тилье","5","4,5","https://www.livelib.ru/book/1017945580","/covers/1017945580.jpg","MAGIC BOOKS","2026","false"
"Одиссея. Древнегреческий эпос в пересказе Сергея Носова","Сергей Носов","3","4,1","https://www.livelib.ru/book/1010702618","/covers/1010702618.jpg","Литературная матрица","2024","false"
"Портрет","Николай Гоголь","5","4,4","https://www.livelib.ru/book/1001217494","/covers/1001217494.jpg","Русское слово - РС","2008","false"
"Нос","Николай Гоголь","1","3,8","https://www.livelib.ru/book/1006168693","/covers/1006168693.jpg","АСТ","2021","false"
"Записки сумасшедшего","Николай Гоголь","3,5","4","https://www.livelib.ru/book/1005753169","/covers/1005753169.jpg","Грани-Т","2011","false"
"Невский проспект","Николай Гоголь","1,5","4,1","https://www.livelib.ru/book/1000962694","/covers/1000962694.jpg","Речь","2014","false"
"Великие русские художники","Владимир Баженов","4,5","3,9","https://www.livelib.ru/book/1012819894","/covers/1012819894.jpg","АСТ:ОГИЗ","2024","false"
"Расширение пространства борьбы","Мишель Уэльбек","2","3,7","https://www.livelib.ru/book/1000328969","/covers/1000328969.jpg","Иностранка, Б.С.Г.-Пресс","2003","false"
"Жил-был раз, жил-был два","Франк Тилье","5","4,2","https://www.livelib.ru/book/1006155346","/covers/1006155346.jpg","Азбука, Азбука-Аттикус","2021","true"
"Шелкопряд","Роберт Гэлбрейт","5","4,2","https://www.livelib.ru/book/1002966640","/covers/1002966640.jpg","Азбука-Аттикус, Иностранка","2019","false"
"Луна - суровая госпожа","Роберт Хайнлайн","3,5","4,2","https://www.livelib.ru/book/1002831956","/covers/1002831956.jpg","Азбука, Азбука-Аттикус","2018","false"
"Герой нашего времени","Михаил Лермонтов","3,5","4,3","https://www.livelib.ru/book/1015711852","/covers/1015711852.jpg","Манн, Иванов и Фербер","2025","false"
"Конец детства","Артур Кларк","4,5","4,1","https://www.livelib.ru/book/1003224848","/covers/1003224848.jpg","АСТ","2019","false"
"Солярис","Станислав Лем","2,5","4,3","https://www.livelib.ru/book/1015962283","/covers/1015962283.jpg","АСТ","2021","false"
"Академия","Айзек Азимов","3","4,3","https://www.livelib.ru/book/1000328243","/covers/1000328243.jpg","Эксмо","2006","false"
"Дикий зверь","Жоэль Диккер","3,5","4,1","https://www.livelib.ru/book/1012337903","/covers/1012337903.jpg","Corpus","2024","false"
"Человек разрушенный","Альфред Бестер","1,5","3,9","https://www.livelib.ru/book/1002898047","/covers/1002898047.jpg","Эксмо","2018","false"
"Проект ""Аве Мария""","Энди Вейер","5","4,5","https://www.livelib.ru/book/1008937315","/covers/1008937315.jpg","АСТ, Neoclassic","2023","true"
"Фантомная память","Франк Тилье","2","4,1","https://www.livelib.ru/book/1003022711","/covers/1003022711.jpg","Азбука, Азбука-Аттикус","2019","false"
"Последняя рукопись","Франк Тилье","5","4,2","https://www.livelib.ru/book/1008963793","/covers/1008963793.jpg","Азбука Издательство","2020","false"
"Великий дух и беглецы","Кир Булычёв","3,5","4","https://www.livelib.ru/book/1000664661","/covers/1000664661.jpg","","","false"
"Тринадцать лет пути","Кир Булычёв","5","4,2","https://www.livelib.ru/book/1013321581","/covers/1013321581.jpg","Эксмо","2005","false"
"Дело Аляски Сандерс","Жоэль Диккер","5","4,4","https://www.livelib.ru/book/1008862549","/covers/1008862549.jpg","Corpus","2023","false"
"Зов Кукушки","Роберт Гэлбрейт","3","4,1","https://www.livelib.ru/book/1002966638","/covers/1002966638.jpg","Азбука-Аттикус, Иностранка","2019","false"
"Дом с водяными колесами","Юкито Аяцудзи","3","3,7","https://www.livelib.ru/book/1013742145","/covers/1013742145.jpg","Эксмо","2025","false"
"Убийства в десятиугольном доме","Юкито Аяцудзи","4","4","https://www.livelib.ru/book/1003628465","/covers/1003628465.jpg","Эксмо","2020","false"
"Загадка номера 622","Жоэль Диккер","3","3,9","https://www.livelib.ru/book/1007684410","/covers/1007684410.jpg","Corpus","2022","false"
"Спроси маму. Как общаться с клиентами и подтвердить правоту своей бизнес-идеи, если все кругом врут?","Роб Фитцпатрик","4","4,1","https://www.livelib.ru/book/1007665543","/covers/1007665543.jpg","Альпина Паблишер","2022","false"
"Звездная бабочка","Бернар Вербер","3","4","https://www.livelib.ru/book/1002875940","/covers/1002875940.jpg","Эксмо","2018","false"
"Книга Балтиморов","Жоэль Диккер","5","4,3","https://www.livelib.ru/book/1002494672","/covers/1002494672.jpg","АСТ, Corpus","2018","true"
"Вдохновленные. Все, что нужно знать продакт-менеджеру","Марти Каган","5","4,1","https://www.livelib.ru/book/1003941310","/covers/1003941310.jpg","Манн, Иванов и Фербер","2020","false"
"Медовый траур","Франк Тилье","4","4,2","https://www.livelib.ru/book/1005504265","/covers/1005504265.jpg","Азбука, Азбука-Аттикус","2020","false"
"Шинель","Николай Гоголь","5","4,2","https://www.livelib.ru/book/1008297883","/covers/1008297883.jpg","Речь","2022","false"
"Вий","Николай Гоголь","3","4,3","https://www.livelib.ru/book/1001242520","/covers/1001242520.jpg","Белый город","2014","false"
"Поднятие уровня в одиночку. Solo Leveling. Книга 1","Чхугон","4","4,2","https://www.livelib.ru/book/1007679859","/covers/1007679859.jpg","АСТ, Mainstream","2023","false"
"Поднятие уровня в одиночку. Solo Leveling. Книга 3","Чхугон","4","4,6","https://www.livelib.ru/book/1009080238","/covers/1009080238.jpg","Mainstream","2024","false"
"Поднятие уровня в одиночку. Solo Leveling. Книга 2","Чхугон","4","4,5","https://www.livelib.ru/book/1008702787","/covers/1008702787.jpg","АСТ","2023","false"
"Грокаем алгоритмы. Иллюстрированное пособие для программистов и любопытствующих","Адитья Бхаргава","3","4,5","https://www.livelib.ru/book/1002110803","/covers/1002110803.jpg","Питер","2017","false"
"Тарас Бульба","Николай Гоголь","5","3,9","https://www.livelib.ru/book/1000219309","/covers/1000219309.jpg","Детская литература. Москва","2001","false"
"Адский поезд для Красного Ангела","Франк Тилье","4","3,9","https://www.livelib.ru/book/1002819180","/covers/1002819180.jpg","Азбука, Азбука-Аттикус","2018","false"
"Комната мертвых","Франк Тилье","5","3,9","https://www.livelib.ru/book/1002615410","/covers/1002615410.jpg","Азбука, Азбука-Аттикус","2017","false"
"Мертвые души","Николай Гоголь","4","4","https://www.livelib.ru/book/1000406738","/covers/1000406738.jpg","Бослен","2009","false"
"Уверенность в себе. Как повысить самооценку, преодолеть страхи и сомнения","Томас Чаморро-Премузик","5","3,3","https://www.livelib.ru/book/1002827597","/covers/1002827597.jpg","Альпина Паблишер","2018","false"
"Серьезное творческое мышление","Эдвард де Боно","4","3,7","https://www.livelib.ru/book/1000110734","/covers/1000110734.jpg","Попурри","2005","false"
"От нуля к единице. Как создать стартап, который изменит будущее","Питер Тиль, Блейк Мастерс","4","4","https://www.livelib.ru/book/1004993671","/covers/1004993671.jpg","Альпина Паблишер","2018","false"
"Десять негритят. Рассказы","Агата Кристи","5","4,7","https://www.livelib.ru/book/1000014966","/covers/1000014966.jpg","Центрполиграф","2002","false"
"Пробуждение Левиафана","Джеймс Кори","4","4,3","https://www.livelib.ru/book/1002700593","/covers/1002700593.jpg","Фантастика Книжный Клуб, Fanzon","2017","false"
"11/22/63","Стивен Кинг","3","4,5","https://www.livelib.ru/book/1006202158","/covers/1006202158.jpg","АСТ","2021","false"
"Морфий.  Записки юного  врача","Михаил Булгаков","4","4,6","https://www.livelib.ru/book/1001623396","/covers/1001623396.jpg","Эксмо","2015","false"
"Нажми Reset. Как игровая индустрия рушит карьеры и дает второй шанс","Джейсон Шрейер","4","4,1","https://www.livelib.ru/book/1006728880","/covers/1006728880.jpg","Бомбора","2021","false"
"Дурная кровь","Джон Каррейру","5","4,5","https://www.livelib.ru/book/1003567375","/covers/1003567375.jpg","АСТ, Neoclassic","2019","false"
"Портрет Дориана Грея","Оскар Уайльд","4","4,3","https://www.livelib.ru/book/1001305787","/covers/1001305787.jpg","Эксмо","2016","false"
"Чистый код. Создание, анализ и рефакторинг","Роберт Мартин","5","4,4","https://www.livelib.ru/book/1002868901","/covers/1002868901.jpg","Питер","2018","false"
"Кровь, пот и пиксели. Обратная сторона индустрии видеоигр","Джейсон Шрейер","4","4,3","https://www.livelib.ru/book/1003024343","/covers/1003024343.jpg","Бомбора","2019","false"
"Человек-невидимка","Герберт Уэллс","4","4,1","https://www.livelib.ru/book/1003404421","/covers/1003404421.jpg","Эксмо","2019","false"
"Война миров","Герберт Уэллс, Герберт Д. Уэллс","4","4","https://www.livelib.ru/book/1002706492","/covers/1002706492.jpg","Мартин","2018","false"
"1984. Скотный двор","Джордж Оруэлл","3","4,5","https://www.livelib.ru/book/1006183165","/covers/1006183165.jpg","Эксмо","2021","false"
"Сто лет одиночества","Габриэль Гарсиа Маркес","5","4,1","https://www.livelib.ru/book/1003221869","/covers/1003221869.jpg","АСТ","2019","true"
"Ex Libris. Габриэль Гарсиа Маркес. Собрание сочинений в 6 томах. Том 5. Любовь во время чумы","Габриэль Гарсиа Маркес","4","4,2","https://www.livelib.ru/book/1000329647","/covers/1000329647.jpg","Альянс - Плюс","1998","false"
"Десять негритят","Агата Кристи","5","4,6","https://www.livelib.ru/book/1005556180","/covers/1005556180.jpg","Эксмо","2021","false"
"Записки юного врача","Михаил Булгаков","4","4,7","https://www.livelib.ru/book/1005579736","/covers/1005579736.jpg","Аркадия","2021","false"
"Убить пересмешника","Харпер Ли","3","4,6","https://www.livelib.ru/book/1005931411","/covers/1005931411.jpg","АСТ","2021","false"
"Меч Предназначения","Анджей Сапковский","5","4,6","https://www.livelib.ru/book/1000486798","/covers/1000486798.jpg","АСТ, Астрель, Полиграфиздат","2011","false"
"Кровь эльфов","Анджей Сапковский","5","4,5","https://www.livelib.ru/book/1000018715","/covers/1000018715.jpg","АСТ","2002","false"
"Час Презрения","Анджей Сапковский","4","4,5","https://www.livelib.ru/book/1000018809","/covers/1000018809.jpg","АСТ","2006","false"
"Крещение огнем","Анджей Сапковский","4","4,5","https://www.livelib.ru/book/1000902118","/covers/1000902118.jpg","АСТ","1997","false"
"Башня Ласточки","Анджей Сапковский","4","4,5","https://www.livelib.ru/book/1000207218","/covers/1000207218.jpg","АСТ","1998","false"
"Владычица Озера. Дорога без возврата","Анджей Сапковский","4","4,4","https://www.livelib.ru/book/1000447907","/covers/1000447907.jpg","АСТ, Харвест, АСТ Москва, Хранитель","2008","false"
"Сезон гроз","Анджей Сапковский","3","4,3","https://www.livelib.ru/book/1003020140","/covers/1003020140.jpg","АСТ","2018","false"
"На Западном фронте без перемен","Эрих Мария Ремарк","4","4,6","https://www.livelib.ru/book/1006083226","/covers/1006083226.jpg","АСТ","2021","false"
"Мартин Иден","Джек Лондон","5","4,5","https://www.livelib.ru/book/1005746266","/covers/1005746266.jpg","Эксмо, Like Book","2021","true"
"Убийство в ""Восточном экспрессе""","Агата Кристи","4","4,5","https://www.livelib.ru/book/1006221715","/covers/1006221715.jpg","Эксмо","2021","false"
"Судьба человека","Михаил Шолохов","5","4,6","https://www.livelib.ru/book/1001440002","/covers/1001440002.jpg","Речь","2015","false"
"Зулейха открывает глаза","Гузель Яхина","1","4,4","https://www.livelib.ru/book/1003944406","/covers/1003944406.jpg","АСТ, Редакция Елены Шубиной","2020","false"
"Девушка с татуировкой дракона","Стиг Ларссон","4","4,4","https://www.livelib.ru/book/1003156338","/covers/1003156338.jpg","Эксмо","2019","false"
"Террор","Дэн Симмонс","5","4,4","https://www.livelib.ru/book/1002771451","/covers/1002771451.jpg","Азбука, Азбука-Аттикус","2018","true"
"КлаТбище домашних жЫвотных","Стивен Кинг","5","4,4","https://www.livelib.ru/book/1003957162","/covers/1003957162.jpg","АСТ","2020","false"
"Атлант расправил плечи","Айн Рэнд","2","4,1","https://www.livelib.ru/book/1001492763","/covers/1001492763.jpg","Альпина Паблишер","2017","false"
"Sapiens. Краткая история человечества","Юваль Ной Харари","3","4,4","https://www.livelib.ru/book/1005587293","/covers/1005587293.jpg","Синдбад","2020","false"
"Финансист","Теодор Драйзер","5","4,4","https://www.livelib.ru/book/1003933861","/covers/1003933861.jpg","АСТ","2020","false"
"Старик и море. Рассказы","Эрнест Хемингуэй","4","4,2","https://www.livelib.ru/book/1000196575","/covers/1000196575.jpg","Азбука-классика","2005","false"
"Два брата","Бен Элтон","5","4,5","https://www.livelib.ru/book/1002034722","/covers/1002034722.jpg","Фантом Пресс","2015","true"
"Танатонавты","Бернар Вербер","4","4,1","https://www.livelib.ru/book/1005437395","/covers/1005437395.jpg","Эксмо","2020","false"
"451° по Фаренгейту","Рэй Брэдбери","5","4,3","https://www.livelib.ru/book/1005499288","/covers/1005499288.jpg","Эксмо","2021","false"
"Мы","Евгений Замятин","3","4","https://www.livelib.ru/book/1000469874","/covers/1000469874.jpg","Дрофа","1998","false"
"О дивный новый мир. Слепец в Газе","Олдос Хаксли","3","4,2","https://www.livelib.ru/book/1006116352","/covers/1006116352.jpg","АСТ","2020","false"
"Марсианские хроники","Рэй Брэдбери","5","4,4","https://www.livelib.ru/book/1000494843","/covers/1000494843.jpg","Эксмо, Домино","2011","false"
"Нетопырь","Ю Несбё","5","3,7","https://www.livelib.ru/book/1000583376","/covers/1000583376.jpg","Азбука, Азбука-Аттикус","2012","false"
"Тараканы","Ю Несбё","5","3,9","https://www.livelib.ru/book/1000608539","/covers/1000608539.jpg","Азбука, Азбука-Аттикус","2013","false"
"Красношейка","Ю Несбё","5","4,3","https://www.livelib.ru/book/1000608552","/covers/1000608552.jpg","Азбука, Азбука-Аттикус","2013","false"
"Немезида","Ю Несбё","5","4,3","https://www.livelib.ru/book/1002275255","/covers/1002275255.jpg","Азбука, Азбука-Аттикус","2017","false"
"Пентаграмма","Ю Несбё","5","4,3","https://www.livelib.ru/book/1000663056","/covers/1000663056.jpg","Азбука, Азбука-Аттикус","2013","false"
"Дюна","Фрэнк Герберт","5","4,4","https://www.livelib.ru/book/1003752474","/covers/1003752474.jpg","АСТ, Neoclassic","2020","false"
"Метель","Владимир Сорокин","4","3,9","https://www.livelib.ru/book/1002837842","/covers/1002837842.jpg","АСТ, Corpus","2018","false"
"А зори здесь тихие... Повести","Борис Васильев","5","4,7","https://www.livelib.ru/book/1001212859","/covers/1001212859.jpg","Эксмо","2015","false"
"В списках не значился","Борис Васильев","5","4,7","https://www.livelib.ru/book/1002758104","/covers/1002758104.jpg","АСТ","2018","false"
"Правда о деле Гарри Квеберта","Жоэль Диккер","5","4,4","https://www.livelib.ru/book/1002494679","/covers/1002494679.jpg","АСТ, Corpus","2017","true"
"Три товарища","Эрих Мария Ремарк","4","4,5","https://www.livelib.ru/book/1003221872","/covers/1003221872.jpg","АСТ","2019","false"
"Колыбельная","Чак Паланик","1","3,9","https://www.livelib.ru/book/1006721248","/covers/1006721248.jpg","АСТ","2020","false"
"Морской волк","Джек Лондон","5","4,4","https://www.livelib.ru/book/1005420379","/covers/1005420379.jpg","НИГМА","2020","false"
"Капитанская дочка. Повести","Александр Пушкин","4","4,2","https://www.livelib.ru/book/1005934645","/covers/1005934645.jpg","Эксмо","2021","false"
"Женщины","Чарльз Буковски","3","3,6","https://www.livelib.ru/book/1000468045","/covers/1000468045.jpg","Эксмо, Домино","2009","false"
"Фактотум","Чарльз Буковски","3","3,9","https://www.livelib.ru/book/1000613463","/covers/1000613463.jpg","Эксмо","2013","false"
"Хлеб с ветчиной","Чарльз Буковски","3","4,1","https://www.livelib.ru/book/1000504586","/covers/1000504586.jpg","Эксмо","2012","false"
"Искусство войны","Сунь-Цзы","4","4","https://www.livelib.ru/book/1002731547","/covers/1002731547.jpg","АСТ","2017","false"
"Повелитель мух","Уильям Голдинг","3","4","https://www.livelib.ru/book/1002688710","/covers/1002688710.jpg","Эксмо","2017","false"
"Таинственная история Билли Миллигана","Дэниел Киз","4","4,4","https://www.livelib.ru/book/1005658867","/covers/1005658867.jpg","Эксмо","2021","false"
"А зори здесь тихие. ..","Борис Васильев","5","4,7","https://www.livelib.ru/book/1016983744","/covers/1016983744.jpg","Проспект","2026","false"
"Скотный Двор","Джордж Оруэлл","4","4,5","https://www.livelib.ru/book/1017966118","/covers/1017966118.jpg","Мартин","2025","false"
"1984","Джордж Оруэлл","0,5","4,4","https://www.livelib.ru/book/1017966235","/covers/1017966235.jpg","Мартин","2026","false"
