tier,title,author,user_rating,livelib_rating,url,cover,year,read_date,year_source,favorite
S,Книга Балтиморов,Жоэль Диккер,5,"4,3",https://www.livelib.ru/book/1002494672,/covers/1002494672.jpg,2015,2025-01-10,https://openlibrary.org/search?q=%D0%9A%D0%BD%D0%B8%D0%B3%D0%B0%20%D0%91%D0%B0%D0%BB%D1%82%D0%B8%D0%BC%D0%BE%D1%80%D0%BE%D0%B2%20%D0%96%D0%BE%D1%8D%D0%BB%D1%8C%20%D0%94%D0%B8%D0%BA%D0%BA%D0%B5%D1%80,true
S,Мартин Иден,Джек Лондон,5,"4,5",https://www.livelib.ru/book/1005746266,/covers/1005746266.jpg,1909,2021-10,https://openlibrary.org/search?q=%D0%9C%D0%B0%D1%80%D1%82%D0%B8%D0%BD%20%D0%98%D0%B4%D0%B5%D0%BD%20%D0%94%D0%B6%D0%B5%D0%BA%20%D0%9B%D0%BE%D0%BD%D0%B4%D0%BE%D0%BD,true
S,Сто лет одиночества,Габриэль Гарсиа Маркес,5,"4,1",https://www.livelib.ru/book/1003221869,/covers/1003221869.jpg,1967,2021-10,https://openlibrary.org/search?q=%D0%A1%D1%82%D0%BE%20%D0%BB%D0%B5%D1%82%20%D0%BE%D0%B4%D0%B8%D0%BD%D0%BE%D1%87%D0%B5%D1%81%D1%82%D0%B2%D0%B0%20%D0%93%D0%B0%D0%B1%D1%80%D0%B8%D1%8D%D0%BB%D1%8C%20%D0%93%D0%B0%D1%80%D1%81%D0%B8%D0%B0%20%D0%9C%D0%B0%D1%80%D0%BA%D0%B5%D1%81,true
S,Террор,Дэн Симмонс,5,"4,4",https://www.livelib.ru/book/1002771451,/covers/1002771451.jpg,2007,2021-10,https://openlibrary.org/search?q=%D0%A2%D0%B5%D1%80%D1%80%D0%BE%D1%80%20%D0%94%D1%8D%D0%BD%20%D0%A1%D0%B8%D0%BC%D0%BC%D0%BE%D0%BD%D1%81,true
S,Правда о деле Гарри Квеберта,Жоэль Диккер,5,"4,4",https://www.livelib.ru/book/1002494679,/covers/1002494679.jpg,2012,2021-10,https://openlibrary.org/search?q=%D0%9F%D1%80%D0%B0%D0%B2%D0%B4%D0%B0%20%D0%BE%20%D0%B4%D0%B5%D0%BB%D0%B5%20%D0%93%D0%B0%D1%80%D1%80%D0%B8%20%D0%9A%D0%B2%D0%B5%D0%B1%D0%B5%D1%80%D1%82%D0%B0%20%D0%96%D0%BE%D1%8D%D0%BB%D1%8C%20%D0%94%D0%B8%D0%BA%D0%BA%D0%B5%D1%80,true
S,"Жил-был раз, жил-был два",Франк Тилье,5,"4,2",https://www.livelib.ru/book/1006155346,/covers/1006155346.jpg,2020,2026-04-25,https://openlibrary.org/search?q=%D0%96%D0%B8%D0%BB-%D0%B1%D1%8B%D0%BB%20%D1%80%D0%B0%D0%B7%2C%20%D0%B6%D0%B8%D0%BB-%D0%B1%D1%8B%D0%BB%20%D0%B4%D0%B2%D0%B0%20%D0%A4%D1%80%D0%B0%D0%BD%D0%BA%20%D0%A2%D0%B8%D0%BB%D1%8C%D0%B5,true
A,Конец детства,Артур Кларк,"4,5","4,1",https://www.livelib.ru/book/1003224848,/covers/1003224848.jpg,1953,2026-03-12,https://openlibrary.org/search?q=%D0%9A%D0%BE%D0%BD%D0%B5%D1%86%20%D0%B4%D0%B5%D1%82%D1%81%D1%82%D0%B2%D0%B0%20%D0%90%D1%80%D1%82%D1%83%D1%80%20%D0%9A%D0%BB%D0%B0%D1%80%D0%BA,false
A,"Проект ""Аве Мария""",Энди Вейер,5,"4,5",https://www.livelib.ru/book/1008937315,/covers/1008937315.jpg,2021,2026-01-07,https://openlibrary.org/search?q=%D0%9F%D1%80%D0%BE%D0%B5%D0%BA%D1%82%20%22%D0%90%D0%B2%D0%B5%20%D0%9C%D0%B0%D1%80%D0%B8%D1%8F%22%20%D0%AD%D0%BD%D0%B4%D0%B8%20%D0%92%D0%B5%D0%B9%D0%B5%D1%80,true
A,Дело Аляски Сандерс,Жоэль Диккер,5,"4,4",https://www.livelib.ru/book/1008862549,/covers/1008862549.jpg,2022,2025-11-27,https://openlibrary.org/search?q=%D0%94%D0%B5%D0%BB%D0%BE%20%D0%90%D0%BB%D1%8F%D1%81%D0%BA%D0%B8%20%D0%A1%D0%B0%D0%BD%D0%B4%D0%B5%D1%80%D1%81%20%D0%96%D0%BE%D1%8D%D0%BB%D1%8C%20%D0%94%D0%B8%D0%BA%D0%BA%D0%B5%D1%80,false
A,Последняя рукопись,Франк Тилье,5,"4,2",https://www.livelib.ru/book/1008963793,/covers/1008963793.jpg,2018,2025-12-17,https://openlibrary.org/search?q=%D0%9F%D0%BE%D1%81%D0%BB%D0%B5%D0%B4%D0%BD%D1%8F%D1%8F%20%D1%80%D1%83%D0%BA%D0%BE%D0%BF%D0%B8%D1%81%D1%8C%20%D0%A4%D1%80%D0%B0%D0%BD%D0%BA%20%D0%A2%D0%B8%D0%BB%D1%8C%D0%B5,false
A,Лабиринты,Франк Тилье,5,"4,5",https://www.livelib.ru/book/1017945580,/covers/1017945580.jpg,2022,2026-08-08,https://openlibrary.org/search?q=%D0%9B%D0%B0%D0%B1%D0%B8%D1%80%D0%B8%D0%BD%D1%82%D1%8B%20%D0%A4%D1%80%D0%B0%D0%BD%D0%BA%20%D0%A2%D0%B8%D0%BB%D1%8C%D0%B5,false
A,Два брата,Бен Элтон,5,"4,5",https://www.livelib.ru/book/1002034722,/covers/1002034722.jpg,2012,2021-10,https://openlibrary.org/search?q=%D0%94%D0%B2%D0%B0%20%D0%B1%D1%80%D0%B0%D1%82%D0%B0%20%D0%91%D0%B5%D0%BD%20%D0%AD%D0%BB%D1%82%D0%BE%D0%BD,true
A,В списках не значился,Борис Васильев,5,"4,7",https://www.livelib.ru/book/1002758104,/covers/1002758104.jpg,1974,2021-10,https://openlibrary.org/search?q=%D0%92%20%D1%81%D0%BF%D0%B8%D1%81%D0%BA%D0%B0%D1%85%20%D0%BD%D0%B5%20%D0%B7%D0%BD%D0%B0%D1%87%D0%B8%D0%BB%D1%81%D1%8F%20%D0%91%D0%BE%D1%80%D0%B8%D1%81%20%D0%92%D0%B0%D1%81%D0%B8%D0%BB%D1%8C%D0%B5%D0%B2,false
A,КлаТбище домашних жЫвотных,Стивен Кинг,5,"4,4",https://www.livelib.ru/book/1003957162,/covers/1003957162.jpg,1983,2021-10,https://openlibrary.org/search?q=%D0%9A%D0%BB%D0%B0%D0%A2%D0%B1%D0%B8%D1%89%D0%B5%20%D0%B4%D0%BE%D0%BC%D0%B0%D1%88%D0%BD%D0%B8%D1%85%20%D0%B6%D0%AB%D0%B2%D0%BE%D1%82%D0%BD%D1%8B%D1%85%20%D0%A1%D1%82%D0%B8%D0%B2%D0%B5%D0%BD%20%D0%9A%D0%B8%D0%BD%D0%B3,false
B,Пробуждение Левиафана,Джеймс Кори,4,"4,3",https://www.livelib.ru/book/1002700593,/covers/1002700593.jpg,2011,2023-01-23,https://openlibrary.org/search?q=%D0%9F%D1%80%D0%BE%D0%B1%D1%83%D0%B6%D0%B4%D0%B5%D0%BD%D0%B8%D0%B5%20%D0%9B%D0%B5%D0%B2%D0%B8%D0%B0%D1%84%D0%B0%D0%BD%D0%B0%20%D0%94%D0%B6%D0%B5%D0%B9%D0%BC%D1%81%20%D0%9A%D0%BE%D1%80%D0%B8,false
B,Шелкопряд,Роберт Гэлбрейт,5,"4,2",https://www.livelib.ru/book/1002966640,/covers/1002966640.jpg,2014,2026-04-20,https://openlibrary.org/search?q=%D0%A8%D0%B5%D0%BB%D0%BA%D0%BE%D0%BF%D1%80%D1%8F%D0%B4%20%D0%A0%D0%BE%D0%B1%D0%B5%D1%80%D1%82%20%D0%93%D1%8D%D0%BB%D0%B1%D1%80%D0%B5%D0%B9%D1%82,false
B,Комната мертвых,Франк Тилье,5,"3,9",https://www.livelib.ru/book/1002615410,/covers/1002615410.jpg,2005,2024-03,https://openlibrary.org/search?q=%D0%9A%D0%BE%D0%BC%D0%BD%D0%B0%D1%82%D0%B0%20%D0%BC%D0%B5%D1%80%D1%82%D0%B2%D1%8B%D1%85%20%D0%A4%D1%80%D0%B0%D0%BD%D0%BA%20%D0%A2%D0%B8%D0%BB%D1%8C%D0%B5,false
B,Дикий зверь,Жоэль Диккер,"3,5","4,1",https://www.livelib.ru/book/1012337903,/covers/1012337903.jpg,2024,2026-01-13,https://openlibrary.org/search?q=%D0%94%D0%B8%D0%BA%D0%B8%D0%B9%20%D0%B7%D0%B2%D0%B5%D1%80%D1%8C%20%D0%96%D0%BE%D1%8D%D0%BB%D1%8C%20%D0%94%D0%B8%D0%BA%D0%BA%D0%B5%D1%80,false
B,Дюна,Фрэнк Герберт,5,"4,4",https://www.livelib.ru/book/1003752474,/covers/1003752474.jpg,1965,2021-10,https://openlibrary.org/search?q=%D0%94%D1%8E%D0%BD%D0%B0%20%D0%A4%D1%80%D1%8D%D0%BD%D0%BA%20%D0%93%D0%B5%D1%80%D0%B1%D0%B5%D1%80%D1%82,false
B,Финансист,Теодор Драйзер,5,"4,4",https://www.livelib.ru/book/1003933861,/covers/1003933861.jpg,1912,2021-10,https://openlibrary.org/search?q=%D0%A4%D0%B8%D0%BD%D0%B0%D0%BD%D1%81%D0%B8%D1%81%D1%82%20%D0%A2%D0%B5%D0%BE%D0%B4%D0%BE%D1%80%20%D0%94%D1%80%D0%B0%D0%B9%D0%B7%D0%B5%D1%80,false
B,Десять негритят,Агата Кристи,5,"4,6",https://www.livelib.ru/book/1005556180,/covers/1005556180.jpg,1939,2021-10,https://openlibrary.org/search?q=%D0%94%D0%B5%D1%81%D1%8F%D1%82%D1%8C%20%D0%BD%D0%B5%D0%B3%D1%80%D0%B8%D1%82%D1%8F%D1%82%20%D0%90%D0%B3%D0%B0%D1%82%D0%B0%20%D0%9A%D1%80%D0%B8%D1%81%D1%82%D0%B8,false
B,Марсианские хроники,Рэй Брэдбери,5,"4,4",https://www.livelib.ru/book/1000494843,/covers/1000494843.jpg,1950,2021-10,https://openlibrary.org/search?q=%D0%9C%D0%B0%D1%80%D1%81%D0%B8%D0%B0%D0%BD%D1%81%D0%BA%D0%B8%D0%B5%20%D1%85%D1%80%D0%BE%D0%BD%D0%B8%D0%BA%D0%B8%20%D0%A0%D1%8D%D0%B9%20%D0%91%D1%80%D1%8D%D0%B4%D0%B1%D0%B5%D1%80%D0%B8,false
C,Тринадцать лет пути,Кир Булычёв,5,"4,2",https://www.livelib.ru/book/1013321581,/covers/1013321581.jpg,1984,2025-11-30,https://ru.wikipedia.org/wiki/Библиография_Кира_Булычёва,false
C,Зов Кукушки,Роберт Гэлбрейт,3,"4,1",https://www.livelib.ru/book/1002966638,/covers/1002966638.jpg,2013,2025-11-17,https://openlibrary.org/search?q=%D0%97%D0%BE%D0%B2%20%D0%9A%D1%83%D0%BA%D1%83%D1%88%D0%BA%D0%B8%20%D0%A0%D0%BE%D0%B1%D0%B5%D1%80%D1%82%20%D0%93%D1%8D%D0%BB%D0%B1%D1%80%D0%B5%D0%B9%D1%82,false
C,На Западном фронте без перемен,Эрих Мария Ремарк,4,"4,6",https://www.livelib.ru/book/1006083226,/covers/1006083226.jpg,1929,2021-10,https://openlibrary.org/search?q=%D0%9D%D0%B0%20%D0%97%D0%B0%D0%BF%D0%B0%D0%B4%D0%BD%D0%BE%D0%BC%20%D1%84%D1%80%D0%BE%D0%BD%D1%82%D0%B5%20%D0%B1%D0%B5%D0%B7%20%D0%BF%D0%B5%D1%80%D0%B5%D0%BC%D0%B5%D0%BD%20%D0%AD%D1%80%D0%B8%D1%85%20%D0%9C%D0%B0%D1%80%D0%B8%D1%8F%20%D0%A0%D0%B5%D0%BC%D0%B0%D1%80%D0%BA,false
C,Три товарища,Эрих Мария Ремарк,4,"4,5",https://www.livelib.ru/book/1003221872,/covers/1003221872.jpg,1936,2021-10,https://openlibrary.org/search?q=%D0%A2%D1%80%D0%B8%20%D1%82%D0%BE%D0%B2%D0%B0%D1%80%D0%B8%D1%89%D0%B0%20%D0%AD%D1%80%D0%B8%D1%85%20%D0%9C%D0%B0%D1%80%D0%B8%D1%8F%20%D0%A0%D0%B5%D0%BC%D0%B0%D1%80%D0%BA,false
C,Убийства в десятиугольном доме,Юкито Аяцудзи,4,4,https://www.livelib.ru/book/1003628465,/covers/1003628465.jpg,1987,2025-10-30,https://openlibrary.org/search?q=%D0%A3%D0%B1%D0%B8%D0%B9%D1%81%D1%82%D0%B2%D0%B0%20%D0%B2%20%D0%B4%D0%B5%D1%81%D1%8F%D1%82%D0%B8%D1%83%D0%B3%D0%BE%D0%BB%D1%8C%D0%BD%D0%BE%D0%BC%20%D0%B4%D0%BE%D0%BC%D0%B5%20%D0%AE%D0%BA%D0%B8%D1%82%D0%BE%20%D0%90%D1%8F%D1%86%D1%83%D0%B4%D0%B7%D0%B8,false
C,Герой нашего времени,Михаил Лермонтов,"3,5","4,3",https://www.livelib.ru/book/1015711852,/covers/1015711852.jpg,1840,2026-03-12,https://openlibrary.org/search?q=%D0%93%D0%B5%D1%80%D0%BE%D0%B9%20%D0%BD%D0%B0%D1%88%D0%B5%D0%B3%D0%BE%20%D0%B2%D1%80%D0%B5%D0%BC%D0%B5%D0%BD%D0%B8%20%D0%9C%D0%B8%D1%85%D0%B0%D0%B8%D0%BB%20%D0%9B%D0%B5%D1%80%D0%BC%D0%BE%D0%BD%D1%82%D0%BE%D0%B2,false
C,451° по Фаренгейту,Рэй Брэдбери,5,"4,3",https://www.livelib.ru/book/1005499288,/covers/1005499288.jpg,1953,2021-10,https://openlibrary.org/search?q=451%C2%B0%20%D0%BF%D0%BE%20%D0%A4%D0%B0%D1%80%D0%B5%D0%BD%D0%B3%D0%B5%D0%B9%D1%82%D1%83%20%D0%A0%D1%8D%D0%B9%20%D0%91%D1%80%D1%8D%D0%B4%D0%B1%D0%B5%D1%80%D0%B8,false
C,Адский поезд для Красного Ангела,Франк Тилье,4,"3,9",https://www.livelib.ru/book/1002819180,/covers/1002819180.jpg,2004,2024-03,https://openlibrary.org/search?q=%D0%90%D0%B4%D1%81%D0%BA%D0%B8%D0%B9%20%D0%BF%D0%BE%D0%B5%D0%B7%D0%B4%20%D0%B4%D0%BB%D1%8F%20%D0%9A%D1%80%D0%B0%D1%81%D0%BD%D0%BE%D0%B3%D0%BE%20%D0%90%D0%BD%D0%B3%D0%B5%D0%BB%D0%B0%20%D0%A4%D1%80%D0%B0%D0%BD%D0%BA%20%D0%A2%D0%B8%D0%BB%D1%8C%D0%B5,false
C,Меч Предназначения,Анджей Сапковский,5,"4,6",https://www.livelib.ru/book/1000486798,/covers/1000486798.jpg,1992,2021-10,https://openlibrary.org/search?q=%D0%9C%D0%B5%D1%87%20%D0%9F%D1%80%D0%B5%D0%B4%D0%BD%D0%B0%D0%B7%D0%BD%D0%B0%D1%87%D0%B5%D0%BD%D0%B8%D1%8F%20%D0%90%D0%BD%D0%B4%D0%B6%D0%B5%D0%B9%20%D0%A1%D0%B0%D0%BF%D0%BA%D0%BE%D0%B2%D1%81%D0%BA%D0%B8%D0%B9,false
C,Кровь эльфов,Анджей Сапковский,5,"4,5",https://www.livelib.ru/book/1000018715,/covers/1000018715.jpg,1994,2021-10,https://openlibrary.org/search?q=%D0%9A%D1%80%D0%BE%D0%B2%D1%8C%20%D1%8D%D0%BB%D1%8C%D1%84%D0%BE%D0%B2%20%D0%90%D0%BD%D0%B4%D0%B6%D0%B5%D0%B9%20%D0%A1%D0%B0%D0%BF%D0%BA%D0%BE%D0%B2%D1%81%D0%BA%D0%B8%D0%B9,false
C,Час Презрения,Анджей Сапковский,4,"4,5",https://www.livelib.ru/book/1000018809,/covers/1000018809.jpg,1995,2021-10,https://openlibrary.org/search?q=%D0%A7%D0%B0%D1%81%20%D0%9F%D1%80%D0%B5%D0%B7%D1%80%D0%B5%D0%BD%D0%B8%D1%8F%20%D0%90%D0%BD%D0%B4%D0%B6%D0%B5%D0%B9%20%D0%A1%D0%B0%D0%BF%D0%BA%D0%BE%D0%B2%D1%81%D0%BA%D0%B8%D0%B9,false
C,Крещение огнем,Анджей Сапковский,4,"4,5",https://www.livelib.ru/book/1000902118,/covers/1000902118.jpg,1996,2021-10,https://openlibrary.org/search?q=%D0%9A%D1%80%D0%B5%D1%89%D0%B5%D0%BD%D0%B8%D0%B5%20%D0%BE%D0%B3%D0%BD%D0%B5%D0%BC%20%D0%90%D0%BD%D0%B4%D0%B6%D0%B5%D0%B9%20%D0%A1%D0%B0%D0%BF%D0%BA%D0%BE%D0%B2%D1%81%D0%BA%D0%B8%D0%B9,false
C,Башня Ласточки,Анджей Сапковский,4,"4,5",https://www.livelib.ru/book/1000207218,/covers/1000207218.jpg,1997,2021-10,https://openlibrary.org/search?q=%D0%91%D0%B0%D1%88%D0%BD%D1%8F%20%D0%9B%D0%B0%D1%81%D1%82%D0%BE%D1%87%D0%BA%D0%B8%20%D0%90%D0%BD%D0%B4%D0%B6%D0%B5%D0%B9%20%D0%A1%D0%B0%D0%BF%D0%BA%D0%BE%D0%B2%D1%81%D0%BA%D0%B8%D0%B9,false
C,Владычица Озера. Дорога без возврата,Анджей Сапковский,4,"4,4",https://www.livelib.ru/book/1000447907,/covers/1000447907.jpg,1999,2021-10,https://openlibrary.org/search?q=%D0%92%D0%BB%D0%B0%D0%B4%D1%8B%D1%87%D0%B8%D1%86%D0%B0%20%D0%9E%D0%B7%D0%B5%D1%80%D0%B0.%20%D0%94%D0%BE%D1%80%D0%BE%D0%B3%D0%B0%20%D0%B1%D0%B5%D0%B7%20%D0%B2%D0%BE%D0%B7%D0%B2%D1%80%D0%B0%D1%82%D0%B0%20%D0%90%D0%BD%D0%B4%D0%B6%D0%B5%D0%B9%20%D0%A1%D0%B0%D0%BF%D0%BA%D0%BE%D0%B2%D1%81%D0%BA%D0%B8%D0%B9,false
C,Танатонавты,Бернар Вербер,4,"4,1",https://www.livelib.ru/book/1005437395,/covers/1005437395.jpg,1994,2021-10,https://openlibrary.org/search?q=%D0%A2%D0%B0%D0%BD%D0%B0%D1%82%D0%BE%D0%BD%D0%B0%D0%B2%D1%82%D1%8B%20%D0%91%D0%B5%D1%80%D0%BD%D0%B0%D1%80%20%D0%92%D0%B5%D1%80%D0%B1%D0%B5%D1%80,false
C,Морской волк,Джек Лондон,5,"4,4",https://www.livelib.ru/book/1005420379,/covers/1005420379.jpg,1904,2021-10,https://openlibrary.org/search?q=%D0%9C%D0%BE%D1%80%D1%81%D0%BA%D0%BE%D0%B9%20%D0%B2%D0%BE%D0%BB%D0%BA%20%D0%94%D0%B6%D0%B5%D0%BA%20%D0%9B%D0%BE%D0%BD%D0%B4%D0%BE%D0%BD,false
C,Нетопырь,Ю Несбё,5,"3,7",https://www.livelib.ru/book/1000583376,/covers/1000583376.jpg,1997,2021-10,https://openlibrary.org/search?q=%D0%9D%D0%B5%D1%82%D0%BE%D0%BF%D1%8B%D1%80%D1%8C%20%D0%AE%20%D0%9D%D0%B5%D1%81%D0%B1%D1%91,false
C,Тараканы,Ю Несбё,5,"3,9",https://www.livelib.ru/book/1000608539,/covers/1000608539.jpg,1998,2021-10,https://openlibrary.org/search?q=%D0%A2%D0%B0%D1%80%D0%B0%D0%BA%D0%B0%D0%BD%D1%8B%20%D0%AE%20%D0%9D%D0%B5%D1%81%D0%B1%D1%91,false
C,Красношейка,Ю Несбё,5,"4,3",https://www.livelib.ru/book/1000608552,/covers/1000608552.jpg,2000,2021-10,https://openlibrary.org/search?q=%D0%9A%D1%80%D0%B0%D1%81%D0%BD%D0%BE%D1%88%D0%B5%D0%B9%D0%BA%D0%B0%20%D0%AE%20%D0%9D%D0%B5%D1%81%D0%B1%D1%91,false
C,Немезида,Ю Несбё,5,"4,3",https://www.livelib.ru/book/1002275255,/covers/1002275255.jpg,2002,2021-10,https://openlibrary.org/search?q=%D0%9D%D0%B5%D0%BC%D0%B5%D0%B7%D0%B8%D0%B4%D0%B0%20%D0%AE%20%D0%9D%D0%B5%D1%81%D0%B1%D1%91,false
C,Пентаграмма,Ю Несбё,5,"4,3",https://www.livelib.ru/book/1000663056,/covers/1000663056.jpg,2003,2021-10,https://openlibrary.org/search?q=%D0%9F%D0%B5%D0%BD%D1%82%D0%B0%D0%B3%D1%80%D0%B0%D0%BC%D0%BC%D0%B0%20%D0%AE%20%D0%9D%D0%B5%D1%81%D0%B1%D1%91,false
C,Любовь во время чумы,Габриэль Гарсиа Маркес,4,"4,2",https://www.livelib.ru/book/1005654256-lyubov-vo-vremya-chumy-gabriel-garsia-markes,/covers/1005654256.jpg,1985,2021-10,https://openlibrary.org/search?q=%D0%9B%D1%8E%D0%B1%D0%BE%D0%B2%D1%8C%20%D0%B2%D0%BE%20%D0%B2%D1%80%D0%B5%D0%BC%D1%8F%20%D1%87%D1%83%D0%BC%D1%8B%20%D0%93%D0%B0%D0%B1%D1%80%D0%B8%D1%8D%D0%BB%D1%8C%20%D0%93%D0%B0%D1%80%D1%81%D0%B8%D0%B0%20%D0%9C%D0%B0%D1%80%D0%BA%D0%B5%D1%81,false
C,Человек-невидимка,Герберт Уэллс,4,"4,1",https://www.livelib.ru/book/1003404421,/covers/1003404421.jpg,1897,2021-11-16,https://openlibrary.org/search?q=%D0%A7%D0%B5%D0%BB%D0%BE%D0%B2%D0%B5%D0%BA-%D0%BD%D0%B5%D0%B2%D0%B8%D0%B4%D0%B8%D0%BC%D0%BA%D0%B0%20%D0%93%D0%B5%D1%80%D0%B1%D0%B5%D1%80%D1%82%20%D0%A3%D1%8D%D0%BB%D0%BB%D1%81,false
C,Медовый траур,Франк Тилье,4,"4,2",https://www.livelib.ru/book/1005504265,/covers/1005504265.jpg,2006,2024-08,https://openlibrary.org/search?q=%D0%9C%D0%B5%D0%B4%D0%BE%D0%B2%D1%8B%D0%B9%20%D1%82%D1%80%D0%B0%D1%83%D1%80%20%D0%A4%D1%80%D0%B0%D0%BD%D0%BA%20%D0%A2%D0%B8%D0%BB%D1%8C%D0%B5,false
C,Записки юного врача,Михаил Булгаков,4,"4,7",https://www.livelib.ru/book/1005579736,/covers/1005579736.jpg,1926,2021-10,https://openlibrary.org/search?q=%D0%97%D0%B0%D0%BF%D0%B8%D1%81%D0%BA%D0%B8%20%D1%8E%D0%BD%D0%BE%D0%B3%D0%BE%20%D0%B2%D1%80%D0%B0%D1%87%D0%B0%20%D0%9C%D0%B8%D1%85%D0%B0%D0%B8%D0%BB%20%D0%91%D1%83%D0%BB%D0%B3%D0%B0%D0%BA%D0%BE%D0%B2,false
C,Сезон гроз,Анджей Сапковский,3,"4,3",https://www.livelib.ru/book/1003020140,/covers/1003020140.jpg,2013,2021-10,https://openlibrary.org/search?q=%D0%A1%D0%B5%D0%B7%D0%BE%D0%BD%20%D0%B3%D1%80%D0%BE%D0%B7%20%D0%90%D0%BD%D0%B4%D0%B6%D0%B5%D0%B9%20%D0%A1%D0%B0%D0%BF%D0%BA%D0%BE%D0%B2%D1%81%D0%BA%D0%B8%D0%B9,false
C,Женщины,Чарльз Буковски,3,"3,6",https://www.livelib.ru/book/1000468045,/covers/1000468045.jpg,1978,2021-10,https://openlibrary.org/search?q=%D0%96%D0%B5%D0%BD%D1%89%D0%B8%D0%BD%D1%8B%20%D0%A7%D0%B0%D1%80%D0%BB%D1%8C%D0%B7%20%D0%91%D1%83%D0%BA%D0%BE%D0%B2%D1%81%D0%BA%D0%B8,false
C,Фактотум,Чарльз Буковски,3,"3,9",https://www.livelib.ru/book/1000613463,/covers/1000613463.jpg,1975,2021-10,https://openlibrary.org/search?q=%D0%A4%D0%B0%D0%BA%D1%82%D0%BE%D1%82%D1%83%D0%BC%20%D0%A7%D0%B0%D1%80%D0%BB%D1%8C%D0%B7%20%D0%91%D1%83%D0%BA%D0%BE%D0%B2%D1%81%D0%BA%D0%B8,false
C,Хлеб с ветчиной,Чарльз Буковски,3,"4,1",https://www.livelib.ru/book/1000504586,/covers/1000504586.jpg,1982,2021-10,https://openlibrary.org/search?q=%D0%A5%D0%BB%D0%B5%D0%B1%20%D1%81%20%D0%B2%D0%B5%D1%82%D1%87%D0%B8%D0%BD%D0%BE%D0%B9%20%D0%A7%D0%B0%D1%80%D0%BB%D1%8C%D0%B7%20%D0%91%D1%83%D0%BA%D0%BE%D0%B2%D1%81%D0%BA%D0%B8,false
D,Война миров,"Герберт Уэллс, Герберт Д. Уэллс",4,4,https://www.livelib.ru/book/1002706492,/covers/1002706492.jpg,1898,2021-11,https://openlibrary.org/search?q=%D0%92%D0%BE%D0%B9%D0%BD%D0%B0%20%D0%BC%D0%B8%D1%80%D0%BE%D0%B2%20%D0%93%D0%B5%D1%80%D0%B1%D0%B5%D1%80%D1%82%20%D0%A3%D1%8D%D0%BB%D0%BB%D1%81%2C%20%D0%93%D0%B5%D1%80%D0%B1%D0%B5%D1%80%D1%82%20%D0%94.%20%D0%A3%D1%8D%D0%BB%D0%BB%D1%81,false
D,Луна - суровая госпожа,Роберт Хайнлайн,"3,5","4,2",https://www.livelib.ru/book/1002831956,/covers/1002831956.jpg,1966,2026-04-14,https://openlibrary.org/search?q=%D0%9B%D1%83%D0%BD%D0%B0%20-%20%D1%81%D1%83%D1%80%D0%BE%D0%B2%D0%B0%D1%8F%20%D0%B3%D0%BE%D1%81%D0%BF%D0%BE%D0%B6%D0%B0%20%D0%A0%D0%BE%D0%B1%D0%B5%D1%80%D1%82%20%D0%A5%D0%B0%D0%B9%D0%BD%D0%BB%D0%B0%D0%B9%D0%BD,false
D,"Убийство в ""Восточном экспрессе""",Агата Кристи,4,"4,5",https://www.livelib.ru/book/1006221715,/covers/1006221715.jpg,1934,2021-10,https://openlibrary.org/search?q=%D0%A3%D0%B1%D0%B8%D0%B9%D1%81%D1%82%D0%B2%D0%BE%20%D0%B2%20%22%D0%92%D0%BE%D1%81%D1%82%D0%BE%D1%87%D0%BD%D0%BE%D0%BC%20%D1%8D%D0%BA%D1%81%D0%BF%D1%80%D0%B5%D1%81%D1%81%D0%B5%22%20%D0%90%D0%B3%D0%B0%D1%82%D0%B0%20%D0%9A%D1%80%D0%B8%D1%81%D1%82%D0%B8,false
D,Академия,Айзек Азимов,3,"4,3",https://www.livelib.ru/book/1000328243,/covers/1000328243.jpg,1951,2026-02-07,https://openlibrary.org/search?q=%D0%90%D0%BA%D0%B0%D0%B4%D0%B5%D0%BC%D0%B8%D1%8F%20%D0%90%D0%B9%D0%B7%D0%B5%D0%BA%20%D0%90%D0%B7%D0%B8%D0%BC%D0%BE%D0%B2,false
D,Девушка с татуировкой дракона,Стиг Ларссон,4,"4,4",https://www.livelib.ru/book/1003156338,/covers/1003156338.jpg,2005,2021-10,https://openlibrary.org/search?q=%D0%94%D0%B5%D0%B2%D1%83%D1%88%D0%BA%D0%B0%20%D1%81%20%D1%82%D0%B0%D1%82%D1%83%D0%B8%D1%80%D0%BE%D0%B2%D0%BA%D0%BE%D0%B9%20%D0%B4%D1%80%D0%B0%D0%BA%D0%BE%D0%BD%D0%B0%20%D0%A1%D1%82%D0%B8%D0%B3%20%D0%9B%D0%B0%D1%80%D1%81%D1%81%D0%BE%D0%BD,false
D,Таинственная история Билли Миллигана,Дэниел Киз,4,"4,4",https://www.livelib.ru/book/1005658867,/covers/1005658867.jpg,1981,2021-10,https://openlibrary.org/search?q=%D0%A2%D0%B0%D0%B8%D0%BD%D1%81%D1%82%D0%B2%D0%B5%D0%BD%D0%BD%D0%B0%D1%8F%20%D0%B8%D1%81%D1%82%D0%BE%D1%80%D0%B8%D1%8F%20%D0%91%D0%B8%D0%BB%D0%BB%D0%B8%20%D0%9C%D0%B8%D0%BB%D0%BB%D0%B8%D0%B3%D0%B0%D0%BD%D0%B0%20%D0%94%D1%8D%D0%BD%D0%B8%D0%B5%D0%BB%20%D0%9A%D0%B8%D0%B7,false
D,Одиссея. Древнегреческий эпос в пересказе Сергея Носова,Сергей Носов,3,"4,1",https://www.livelib.ru/book/1010702618,/covers/1010702618.jpg,2024,2026-08-01,https://openlibrary.org/search?q=%D0%9E%D0%B4%D0%B8%D1%81%D1%81%D0%B5%D1%8F.%20%D0%94%D1%80%D0%B5%D0%B2%D0%BD%D0%B5%D0%B3%D1%80%D0%B5%D1%87%D0%B5%D1%81%D0%BA%D0%B8%D0%B9%20%D1%8D%D0%BF%D0%BE%D1%81%20%D0%B2%20%D0%BF%D0%B5%D1%80%D0%B5%D1%81%D0%BA%D0%B0%D0%B7%D0%B5%20%D0%A1%D0%B5%D1%80%D0%B3%D0%B5%D1%8F%20%D0%9D%D0%BE%D1%81%D0%BE%D0%B2%D0%B0%20%D0%A1%D0%B5%D1%80%D0%B3%D0%B5%D0%B9%20%D0%9D%D0%BE%D1%81%D0%BE%D0%B2,false
D,Атлант расправил плечи,Айн Рэнд,2,"4,1",https://www.livelib.ru/book/1001492763,/covers/1001492763.jpg,1957,2021-10,https://openlibrary.org/search?q=%D0%90%D1%82%D0%BB%D0%B0%D0%BD%D1%82%20%D1%80%D0%B0%D1%81%D0%BF%D1%80%D0%B0%D0%B2%D0%B8%D0%BB%20%D0%BF%D0%BB%D0%B5%D1%87%D0%B8%20%D0%90%D0%B9%D0%BD%20%D0%A0%D1%8D%D0%BD%D0%B4,false
D,Дом с водяными колесами,Юкито Аяцудзи,3,"3,7",https://www.livelib.ru/book/1013742145,/covers/1013742145.jpg,1988,2025-11-05,https://ndlsearch.ndl.go.jp/en/books/R100000002-I032524552,false
D,Загадка номера 622,Жоэль Диккер,3,"3,9",https://www.livelib.ru/book/1007684410,/covers/1007684410.jpg,2020,2025-10-09,https://openlibrary.org/search?q=%D0%97%D0%B0%D0%B3%D0%B0%D0%B4%D0%BA%D0%B0%20%D0%BD%D0%BE%D0%BC%D0%B5%D1%80%D0%B0%20622%20%D0%96%D0%BE%D1%8D%D0%BB%D1%8C%20%D0%94%D0%B8%D0%BA%D0%BA%D0%B5%D1%80,false
D,Звездная бабочка,Бернар Вербер,3,4,https://www.livelib.ru/book/1002875940,/covers/1002875940.jpg,2006,2025-04-11,https://openlibrary.org/search?q=%D0%97%D0%B2%D0%B5%D0%B7%D0%B4%D0%BD%D0%B0%D1%8F%20%D0%B1%D0%B0%D0%B1%D0%BE%D1%87%D0%BA%D0%B0%20%D0%91%D0%B5%D1%80%D0%BD%D0%B0%D1%80%20%D0%92%D0%B5%D1%80%D0%B1%D0%B5%D1%80,false
D,11/22/63,Стивен Кинг,3,"4,5",https://www.livelib.ru/book/1006202158,/covers/1006202158.jpg,2011,2022-04-23,https://openlibrary.org/search?q=11%2F22%2F63%20%D0%A1%D1%82%D0%B8%D0%B2%D0%B5%D0%BD%20%D0%9A%D0%B8%D0%BD%D0%B3,false
D,Убить пересмешника,Харпер Ли,3,"4,6",https://www.livelib.ru/book/1005931411,/covers/1005931411.jpg,1960,2021-10,https://openlibrary.org/search?q=%D0%A3%D0%B1%D0%B8%D1%82%D1%8C%20%D0%BF%D0%B5%D1%80%D0%B5%D1%81%D0%BC%D0%B5%D1%88%D0%BD%D0%B8%D0%BA%D0%B0%20%D0%A5%D0%B0%D1%80%D0%BF%D0%B5%D1%80%20%D0%9B%D0%B8,false
D,Фантомная память,Франк Тилье,2,"4,1",https://www.livelib.ru/book/1003022711,/covers/1003022711.jpg,2007,2025-12-23,https://openlibrary.org/search?q=%D0%A4%D0%B0%D0%BD%D1%82%D0%BE%D0%BC%D0%BD%D0%B0%D1%8F%20%D0%BF%D0%B0%D0%BC%D1%8F%D1%82%D1%8C%20%D0%A4%D1%80%D0%B0%D0%BD%D0%BA%20%D0%A2%D0%B8%D0%BB%D1%8C%D0%B5,false
D,Портрет Дориана Грея,Оскар Уайльд,4,"4,3",https://www.livelib.ru/book/1001305787,/covers/1001305787.jpg,1890,2022-01,https://openlibrary.org/search?q=%D0%9F%D0%BE%D1%80%D1%82%D1%80%D0%B5%D1%82%20%D0%94%D0%BE%D1%80%D0%B8%D0%B0%D0%BD%D0%B0%20%D0%93%D1%80%D0%B5%D1%8F%20%D0%9E%D1%81%D0%BA%D0%B0%D1%80%20%D0%A3%D0%B0%D0%B9%D0%BB%D1%8C%D0%B4,false
D,Мертвые души,Николай Гоголь,4,4,https://www.livelib.ru/book/1000406738,/covers/1000406738.jpg,1842,2024-03,https://openlibrary.org/search?q=%D0%9C%D0%B5%D1%80%D1%82%D0%B2%D1%8B%D0%B5%20%D0%B4%D1%83%D1%88%D0%B8%20%D0%9D%D0%B8%D0%BA%D0%BE%D0%BB%D0%B0%D0%B9%20%D0%93%D0%BE%D0%B3%D0%BE%D0%BB%D1%8C,false
D,Метель,Владимир Сорокин,4,"3,9",https://www.livelib.ru/book/1002837842,/covers/1002837842.jpg,2010,2021-10,https://openlibrary.org/search?q=%D0%9C%D0%B5%D1%82%D0%B5%D0%BB%D1%8C%20%D0%92%D0%BB%D0%B0%D0%B4%D0%B8%D0%BC%D0%B8%D1%80%20%D0%A1%D0%BE%D1%80%D0%BE%D0%BA%D0%B8%D0%BD,false
D,О дивный новый мир. Слепец в Газе,Олдос Хаксли,3,"4,2",https://www.livelib.ru/book/1006116352,/covers/1006116352.jpg,1932,2021-10,https://openlibrary.org/search?q=%D0%9E%20%D0%B4%D0%B8%D0%B2%D0%BD%D1%8B%D0%B9%20%D0%BD%D0%BE%D0%B2%D1%8B%D0%B9%20%D0%BC%D0%B8%D1%80.%20%D0%A1%D0%BB%D0%B5%D0%BF%D0%B5%D1%86%20%D0%B2%20%D0%93%D0%B0%D0%B7%D0%B5%20%D0%9E%D0%BB%D0%B4%D0%BE%D1%81%20%D0%A5%D0%B0%D0%BA%D1%81%D0%BB%D0%B8,false
D,Расширение пространства борьбы,Мишель Уэльбек,2,"3,7",https://www.livelib.ru/book/1000328969,/covers/1000328969.jpg,1994,2026-04-28,https://openlibrary.org/search?q=%D0%A0%D0%B0%D1%81%D1%88%D0%B8%D1%80%D0%B5%D0%BD%D0%B8%D0%B5%20%D0%BF%D1%80%D0%BE%D1%81%D1%82%D1%80%D0%B0%D0%BD%D1%81%D1%82%D0%B2%D0%B0%20%D0%B1%D0%BE%D1%80%D1%8C%D0%B1%D1%8B%20%D0%9C%D0%B8%D1%88%D0%B5%D0%BB%D1%8C%20%D0%A3%D1%8D%D0%BB%D1%8C%D0%B1%D0%B5%D0%BA,false
D,Солярис,Станислав Лем,"2,5","4,3",https://www.livelib.ru/book/1015962283,/covers/1015962283.jpg,1961,2026-03-05,https://openlibrary.org/search?q=%D0%A1%D0%BE%D0%BB%D1%8F%D1%80%D0%B8%D1%81%20%D0%A1%D1%82%D0%B0%D0%BD%D0%B8%D1%81%D0%BB%D0%B0%D0%B2%20%D0%9B%D0%B5%D0%BC,false
D,Повелитель мух,Уильям Голдинг,3,4,https://www.livelib.ru/book/1002688710,/covers/1002688710.jpg,1954,2021-10,https://openlibrary.org/search?q=%D0%9F%D0%BE%D0%B2%D0%B5%D0%BB%D0%B8%D1%82%D0%B5%D0%BB%D1%8C%20%D0%BC%D1%83%D1%85%20%D0%A3%D0%B8%D0%BB%D1%8C%D1%8F%D0%BC%20%D0%93%D0%BE%D0%BB%D0%B4%D0%B8%D0%BD%D0%B3,false
D,Мы,Евгений Замятин,3,4,https://www.livelib.ru/book/1000469874,/covers/1000469874.jpg,1924,2021-10,https://openlibrary.org/search?q=%D0%9C%D1%8B%20%D0%95%D0%B2%D0%B3%D0%B5%D0%BD%D0%B8%D0%B9%20%D0%97%D0%B0%D0%BC%D1%8F%D1%82%D0%B8%D0%BD,false
F,Человек разрушенный,Альфред Бестер,"1,5","3,9",https://www.livelib.ru/book/1002898047,/covers/1002898047.jpg,1953,2026-01-10,https://openlibrary.org/search?q=%D0%A7%D0%B5%D0%BB%D0%BE%D0%B2%D0%B5%D0%BA%20%D1%80%D0%B0%D0%B7%D1%80%D1%83%D1%88%D0%B5%D0%BD%D0%BD%D1%8B%D0%B9%20%D0%90%D0%BB%D1%8C%D1%84%D1%80%D0%B5%D0%B4%20%D0%91%D0%B5%D1%81%D1%82%D0%B5%D1%80,false
F,1984,Джордж Оруэлл,"0,5","4,4",https://www.livelib.ru/book/1017966235,/covers/1017966235.jpg,1949,2016-03-18,https://openlibrary.org/search?q=1984%20%D0%94%D0%B6%D0%BE%D1%80%D0%B4%D0%B6%20%D0%9E%D1%80%D1%83%D1%8D%D0%BB%D0%BB,false
F,Колыбельная,Чак Паланик,1,"3,9",https://www.livelib.ru/book/1006721248,/covers/1006721248.jpg,2002,2021-10,https://openlibrary.org/search?q=%D0%9A%D0%BE%D0%BB%D1%8B%D0%B1%D0%B5%D0%BB%D1%8C%D0%BD%D0%B0%D1%8F%20%D0%A7%D0%B0%D0%BA%20%D0%9F%D0%B0%D0%BB%D0%B0%D0%BD%D0%B8%D0%BA,false
F,Зулейха открывает глаза,Гузель Яхина,1,"4,4",https://www.livelib.ru/book/1003944406,/covers/1003944406.jpg,2015,2021-10,https://openlibrary.org/search?q=%D0%97%D1%83%D0%BB%D0%B5%D0%B9%D1%85%D0%B0%20%D0%BE%D1%82%D0%BA%D1%80%D1%8B%D0%B2%D0%B0%D0%B5%D1%82%20%D0%B3%D0%BB%D0%B0%D0%B7%D0%B0%20%D0%93%D1%83%D0%B7%D0%B5%D0%BB%D1%8C%20%D0%AF%D1%85%D0%B8%D0%BD%D0%B0,false
